{"cameraMode":{"drawMode":2,"name":"Shaded Wireframe","section":"Shading Mode"},"sceneLighting":true,"audioPlay":false,"sceneViewState":{"showFog":true,"showMaterialUpdate":false,"showSkybox":true,"showFlares":true,"showImageEffects":true,"showParticleSystems":true,"showVisualEffectGraphs":true,"m_FxEnabled":true},"in2DMode":false,"pivot":{"x":1.6660031080245972,"y":-1.650723934173584,"z":3.3274788856506349},"rotation":{"x":0.40805312991142275,"y":-0.005517818033695221,"z":0.002373569179326296,"w":0.9129825830459595},"size":3.6125850677490236,"orthographic":false}